annee,semaine,annee_semaine
2004,1,2004_1
2004,2,2004_2
2004,3,2004_3
2004,4,2004_4
2004,5,2004_5
2004,6,2004_6
2004,7,2004_7
2004,8,2004_8
2004,9,2004_9
2004,10,2004_10
2004,11,2004_11
2004,12,2004_12
2004,13,2004_13
2004,14,2004_14
2004,15,2004_15
2004,16,2004_16
2004,17,2004_17
2004,18,2004_18
2004,19,2004_19
2004,20,2004_20
2004,21,2004_21
2004,22,2004_22
2004,23,2004_23
2004,24,2004_24
2004,25,2004_25
2004,26,2004_26
2004,27,2004_27
2004,28,2004_28
2004,29,2004_29
2004,30,2004_30
2004,31,2004_31
2004,32,2004_32
2004,33,2004_33
2004,34,2004_34
2004,35,2004_35
2004,36,2004_36
2004,37,2004_37
2004,38,2004_38
2004,39,2004_39
2004,40,2004_40
2004,41,2004_41
2004,42,2004_42
2004,43,2004_43
2004,44,2004_44
2004,45,2004_45
2004,46,2004_46
2004,47,2004_47
2004,48,2004_48
2004,49,2004_49
2004,50,2004_50
2004,51,2004_51
2004,52,2004_52
2004,53,2004_53
2005,1,2005_1
2005,2,2005_2
2005,3,2005_3
2005,4,2005_4
2005,5,2005_5
2005,6,2005_6
2005,7,2005_7
2005,8,2005_8
2005,9,2005_9
2005,10,2005_10
2005,11,2005_11
2005,12,2005_12
2005,13,2005_13
2005,14,2005_14
2005,15,2005_15
2005,16,2005_16
2005,17,2005_17
2005,18,2005_18
2005,19,2005_19
2005,20,2005_20
2005,21,2005_21
2005,22,2005_22
2005,23,2005_23
2005,24,2005_24
2005,25,2005_25
2005,26,2005_26
2005,27,2005_27
2005,28,2005_28
2005,29,2005_29
2005,30,2005_30
2005,31,2005_31
2005,32,2005_32
2005,33,2005_33
2005,34,2005_34
2005,35,2005_35
2005,36,2005_36
2005,37,2005_37
2005,38,2005_38
2005,39,2005_39
2005,40,2005_40
2005,41,2005_41
2005,42,2005_42
2005,43,2005_43
2005,44,2005_44
2005,45,2005_45
2005,46,2005_46
2005,47,2005_47
2005,48,2005_48
2005,49,2005_49
2005,50,2005_50
2005,51,2005_51
2005,52,2005_52
2006,1,2006_1
2006,2,2006_2
2006,3,2006_3
2006,4,2006_4
2006,5,2006_5
2006,6,2006_6
2006,7,2006_7
2006,8,2006_8
2006,9,2006_9
2006,10,2006_10
2006,11,2006_11
2006,12,2006_12
2006,13,2006_13
2006,14,2006_14
2006,15,2006_15
2006,16,2006_16
2006,17,2006_17
2006,18,2006_18
2006,19,2006_19
2006,20,2006_20
2006,21,2006_21
2006,22,2006_22
2006,23,2006_23
2006,24,2006_24
2006,25,2006_25
2006,26,2006_26
2006,27,2006_27
2006,28,2006_28
2006,29,2006_29
2006,30,2006_30
2006,31,2006_31
2006,32,2006_32
2006,33,2006_33
2006,34,2006_34
2006,35,2006_35
2006,36,2006_36
2006,37,2006_37
2006,38,2006_38
2006,39,2006_39
2006,40,2006_40
2006,41,2006_41
2006,42,2006_42
2006,43,2006_43
2006,44,2006_44
2006,45,2006_45
2006,46,2006_46
2006,47,2006_47
2006,48,2006_48
2006,49,2006_49
2006,50,2006_50
2006,51,2006_51
2006,52,2006_52
2007,1,2007_1
2007,2,2007_2
2007,3,2007_3
2007,4,2007_4
2007,5,2007_5
2007,6,2007_6
2007,7,2007_7
2007,8,2007_8
2007,9,2007_9
2007,10,2007_10
2007,11,2007_11
2007,12,2007_12
2007,13,2007_13
2007,14,2007_14
2007,15,2007_15
2007,16,2007_16
2007,17,2007_17
2007,18,2007_18
2007,19,2007_19
2007,20,2007_20
2007,21,2007_21
2007,22,2007_22
2007,23,2007_23
2007,24,2007_24
2007,25,2007_25
2007,26,2007_26
2007,27,2007_27
2007,28,2007_28
2007,29,2007_29
2007,30,2007_30
2007,31,2007_31
2007,32,2007_32
2007,33,2007_33
2007,34,2007_34
2007,35,2007_35
2007,36,2007_36
2007,37,2007_37
2007,38,2007_38
2007,39,2007_39
2007,40,2007_40
2007,41,2007_41
2007,42,2007_42
2007,43,2007_43
2007,44,2007_44
2007,45,2007_45
2007,46,2007_46
2007,47,2007_47
2007,48,2007_48
2007,49,2007_49
2007,50,2007_50
2007,51,2007_51
2007,52,2007_52
2008,1,2008_1
2008,2,2008_2
2008,3,2008_3
2008,4,2008_4
2008,5,2008_5
2008,6,2008_6
2008,7,2008_7
2008,8,2008_8
2008,9,2008_9
2008,10,2008_10
2008,11,2008_11
2008,12,2008_12
2008,13,2008_13
2008,14,2008_14
2008,15,2008_15
2008,16,2008_16
2008,17,2008_17
2008,18,2008_18
2008,19,2008_19
2008,20,2008_20
2008,21,2008_21
2008,22,2008_22
2008,23,2008_23
2008,24,2008_24
2008,25,2008_25
2008,26,2008_26
2008,27,2008_27
2008,28,2008_28
2008,29,2008_29
2008,30,2008_30
2008,31,2008_31
2008,32,2008_32
2008,33,2008_33
2008,34,2008_34
2008,35,2008_35
2008,36,2008_36
2008,37,2008_37
2008,38,2008_38
2008,39,2008_39
2008,40,2008_40
2008,41,2008_41
2008,42,2008_42
2008,43,2008_43
2008,44,2008_44
2008,45,2008_45
2008,46,2008_46
2008,47,2008_47
2008,48,2008_48
2008,49,2008_49
2008,50,2008_50
2008,51,2008_51
2008,52,2008_52
2009,1,2009_1
2009,2,2009_2
2009,3,2009_3
2009,4,2009_4
2009,5,2009_5
2009,6,2009_6
2009,7,2009_7
2009,8,2009_8
2009,9,2009_9
2009,10,2009_10
2009,11,2009_11
2009,12,2009_12
2009,13,2009_13
2009,14,2009_14
2009,15,2009_15
2009,16,2009_16
2009,17,2009_17
2009,18,2009_18
2009,19,2009_19
2009,20,2009_20
2009,21,2009_21
2009,22,2009_22
2009,23,2009_23
2009,24,2009_24
2009,25,2009_25
2009,26,2009_26
2009,27,2009_27
2009,28,2009_28
2009,29,2009_29
2009,30,2009_30
2009,31,2009_31
2009,32,2009_32
2009,33,2009_33
2009,34,2009_34
2009,35,2009_35
2009,36,2009_36
2009,37,2009_37
2009,38,2009_38
2009,39,2009_39
2009,40,2009_40
2009,41,2009_41
2009,42,2009_42
2009,43,2009_43
2009,44,2009_44
2009,45,2009_45
2009,46,2009_46
2009,47,2009_47
2009,48,2009_48
2009,49,2009_49
2009,50,2009_50
2009,51,2009_51
2009,52,2009_52
2009,53,2009_53
2010,1,2010_1
2010,2,2010_2
2010,3,2010_3
2010,4,2010_4
2010,5,2010_5
2010,6,2010_6
2010,7,2010_7
2010,8,2010_8
2010,9,2010_9
2010,10,2010_10
2010,11,2010_11
2010,12,2010_12
2010,13,2010_13
2010,14,2010_14
2010,15,2010_15
2010,16,2010_16
2010,17,2010_17
2010,18,2010_18
2010,19,2010_19
2010,20,2010_20
2010,21,2010_21
2010,22,2010_22
2010,23,2010_23
2010,24,2010_24
2010,25,2010_25
2010,26,2010_26
2010,27,2010_27
2010,28,2010_28
2010,29,2010_29
2010,30,2010_30
2010,31,2010_31
2010,32,2010_32
2010,33,2010_33
2010,34,2010_34
2010,35,2010_35
2010,36,2010_36
2010,37,2010_37
2010,38,2010_38
2010,39,2010_39
2010,40,2010_40
2010,41,2010_41
2010,42,2010_42
2010,43,2010_43
2010,44,2010_44
2010,45,2010_45
2010,46,2010_46
2010,47,2010_47
2010,48,2010_48
2010,49,2010_49
2010,50,2010_50
2010,51,2010_51
2010,52,2010_52
2011,1,2011_1
2011,2,2011_2
2011,3,2011_3
2011,4,2011_4
2011,5,2011_5
2011,6,2011_6
2011,7,2011_7
2011,8,2011_8
2011,9,2011_9
2011,10,2011_10
2011,11,2011_11
2011,12,2011_12
2011,13,2011_13
2011,14,2011_14
2011,15,2011_15
2011,16,2011_16
2011,17,2011_17
2011,18,2011_18
2011,19,2011_19
2011,20,2011_20
2011,21,2011_21
2011,22,2011_22
2011,23,2011_23
2011,24,2011_24
2011,25,2011_25
2011,26,2011_26
2011,27,2011_27
2011,28,2011_28
2011,29,2011_29
2011,30,2011_30
2011,31,2011_31
2011,32,2011_32
2011,33,2011_33
2011,34,2011_34
2011,35,2011_35
2011,36,2011_36
2011,37,2011_37
2011,38,2011_38
2011,39,2011_39
2011,40,2011_40
2011,41,2011_41
2011,42,2011_42
2011,43,2011_43
2011,44,2011_44
2011,45,2011_45
2011,46,2011_46
2011,47,2011_47
2011,48,2011_48
2011,49,2011_49
2011,50,2011_50
2011,51,2011_51
2011,52,2011_52
2012,1,2012_1
2012,2,2012_2
2012,3,2012_3
2012,4,2012_4
2012,5,2012_5
2012,6,2012_6
2012,7,2012_7
2012,8,2012_8
2012,9,2012_9
2012,10,2012_10
2012,11,2012_11
2012,12,2012_12
2012,13,2012_13
2012,14,2012_14
2012,15,2012_15
2012,16,2012_16
2012,17,2012_17
2012,18,2012_18
2012,19,2012_19
2012,20,2012_20
2012,21,2012_21
2012,22,2012_22
2012,23,2012_23
2012,24,2012_24
2012,25,2012_25
2012,26,2012_26
2012,27,2012_27
2012,28,2012_28
2012,29,2012_29
2012,30,2012_30
2012,31,2012_31
2012,32,2012_32
2012,33,2012_33
2012,34,2012_34
2012,35,2012_35
2012,36,2012_36
2012,37,2012_37
2012,38,2012_38
2012,39,2012_39
2012,40,2012_40
2012,41,2012_41
2012,42,2012_42
2012,43,2012_43
2012,44,2012_44
2012,45,2012_45
2012,46,2012_46
2012,47,2012_47
2012,48,2012_48
2012,49,2012_49
2012,50,2012_50
2012,51,2012_51
2012,52,2012_52
2013,1,2013_1
2013,2,2013_2
2013,3,2013_3
2013,4,2013_4
2013,5,2013_5
2013,6,2013_6
2013,7,2013_7
2013,8,2013_8
2013,9,2013_9
2013,10,2013_10
2013,11,2013_11
2013,12,2013_12
2013,13,2013_13
2013,14,2013_14
2013,15,2013_15
2013,16,2013_16
2013,17,2013_17
2013,18,2013_18
2013,19,2013_19
2013,20,2013_20
2013,21,2013_21
2013,22,2013_22
2013,23,2013_23
2013,24,2013_24
2013,25,2013_25
2013,26,2013_26
2013,27,2013_27
2013,28,2013_28
2013,29,2013_29
2013,30,2013_30
2013,31,2013_31
2013,32,2013_32
2013,33,2013_33
2013,34,2013_34
2013,35,2013_35
2013,36,2013_36
2013,37,2013_37
2013,38,2013_38
2013,39,2013_39
2013,40,2013_40
2013,41,2013_41
2013,42,2013_42
2013,43,2013_43
2013,44,2013_44
2013,45,2013_45
2013,46,2013_46
2013,47,2013_47
2013,48,2013_48
2013,49,2013_49
2013,50,2013_50
2013,51,2013_51
2013,52,2013_52
2014,1,2014_1
2014,2,2014_2
2014,3,2014_3
2014,4,2014_4
2014,5,2014_5
2014,6,2014_6
2014,7,2014_7
2014,8,2014_8
2014,9,2014_9
2014,10,2014_10
2014,11,2014_11
2014,12,2014_12
2014,13,2014_13
2014,14,2014_14
2014,15,2014_15
2014,16,2014_16
2014,17,2014_17
2014,18,2014_18
2014,19,2014_19
2014,20,2014_20
2014,21,2014_21
2014,22,2014_22
2014,23,2014_23
2014,24,2014_24
2014,25,2014_25
2014,26,2014_26
2014,27,2014_27
2014,28,2014_28
2014,29,2014_29
2014,30,2014_30
2014,31,2014_31
2014,32,2014_32
2014,33,2014_33
2014,34,2014_34
2014,35,2014_35
2014,36,2014_36
2014,37,2014_37
2014,38,2014_38
2014,39,2014_39
2014,40,2014_40
2014,41,2014_41
2014,42,2014_42
2014,43,2014_43
2014,44,2014_44
2014,45,2014_45
2014,46,2014_46
2014,47,2014_47
2014,48,2014_48
2014,49,2014_49
2014,50,2014_50
2014,51,2014_51
2014,52,2014_52
2015,1,2015_1
2015,2,2015_2
2015,3,2015_3
2015,4,2015_4
2015,5,2015_5
2015,6,2015_6
2015,7,2015_7
2015,8,2015_8
2015,9,2015_9
2015,10,2015_10
2015,11,2015_11
2015,12,2015_12
2015,13,2015_13
2015,14,2015_14
2015,15,2015_15
2015,16,2015_16
2015,17,2015_17
2015,18,2015_18
2015,19,2015_19
2015,20,2015_20
2015,21,2015_21
2015,22,2015_22
2015,23,2015_23
2015,24,2015_24
2015,25,2015_25
2015,26,2015_26
2015,27,2015_27
2015,28,2015_28
2015,29,2015_29
2015,30,2015_30
2015,31,2015_31
2015,32,2015_32
2015,33,2015_33
2015,34,2015_34
2015,35,2015_35
2015,36,2015_36
2015,37,2015_37
2015,38,2015_38
2015,39,2015_39
2015,40,2015_40
2015,41,2015_41
2015,42,2015_42
2015,43,2015_43
2015,44,2015_44
2015,45,2015_45
2015,46,2015_46
2015,47,2015_47
2015,48,2015_48
2015,49,2015_49
2015,50,2015_50
2015,51,2015_51
2015,52,2015_52
2015,53,2015_53
2016,1,2016_1
2016,2,2016_2
2016,3,2016_3
2016,4,2016_4
2016,5,2016_5
2016,6,2016_6
2016,7,2016_7
2016,8,2016_8
2016,9,2016_9
2016,10,2016_10
2016,11,2016_11
2016,12,2016_12
2016,13,2016_13
2016,14,2016_14
2016,15,2016_15
2016,16,2016_16
2016,17,2016_17
2016,18,2016_18
2016,19,2016_19
2016,20,2016_20
2016,21,2016_21
2016,22,2016_22
2016,23,2016_23
2016,24,2016_24
2016,25,2016_25
2016,26,2016_26
2016,27,2016_27
2016,28,2016_28
2016,29,2016_29
2016,30,2016_30
2016,31,2016_31
2016,32,2016_32
2016,33,2016_33
2016,34,2016_34
2016,35,2016_35
2016,36,2016_36
2016,37,2016_37
2016,38,2016_38
2016,39,2016_39
2016,40,2016_40
2016,41,2016_41
2016,42,2016_42
2016,43,2016_43
2016,44,2016_44
2016,45,2016_45
2016,46,2016_46
2016,47,2016_47
2016,48,2016_48
2016,49,2016_49
2016,50,2016_50
2016,51,2016_51
2016,52,2016_52
2017,1,2017_1
2017,2,2017_2
2017,3,2017_3
2017,4,2017_4
2017,5,2017_5
2017,6,2017_6
2017,7,2017_7
2017,8,2017_8
2017,9,2017_9
2017,10,2017_10
2017,11,2017_11
2017,12,2017_12
2017,13,2017_13
2017,14,2017_14
2017,15,2017_15
2017,16,2017_16
2017,17,2017_17
2017,18,2017_18
2017,19,2017_19
2017,20,2017_20
2017,21,2017_21
2017,22,2017_22
2017,23,2017_23
2017,24,2017_24
2017,25,2017_25
2017,26,2017_26
2017,27,2017_27
2017,28,2017_28
2017,29,2017_29
2017,30,2017_30
2017,31,2017_31
2017,32,2017_32
2017,33,2017_33
2017,34,2017_34
2017,35,2017_35
2017,36,2017_36
2017,37,2017_37
2017,38,2017_38
2017,39,2017_39
2017,40,2017_40
2017,41,2017_41
2017,42,2017_42
2017,43,2017_43
2017,44,2017_44
2017,45,2017_45
2017,46,2017_46
2017,47,2017_47
2017,48,2017_48
2017,49,2017_49
2017,50,2017_50
2017,51,2017_51
2017,52,2017_52
2018,1,2018_1
2018,2,2018_2
2018,3,2018_3
2018,4,2018_4
2018,5,2018_5
2018,6,2018_6
2018,7,2018_7
2018,8,2018_8
2018,9,2018_9
2018,10,2018_10
2018,11,2018_11
2018,12,2018_12
2018,13,2018_13
2018,14,2018_14
2018,15,2018_15
2018,16,2018_16
2018,17,2018_17
2018,18,2018_18
2018,19,2018_19
2018,20,2018_20
2018,21,2018_21
2018,22,2018_22
2018,23,2018_23
2018,24,2018_24
2018,25,2018_25
2018,26,2018_26
2018,27,2018_27
2018,28,2018_28
2018,29,2018_29
2018,30,2018_30
2018,31,2018_31
2018,32,2018_32
2018,33,2018_33
2018,34,2018_34
2018,35,2018_35
2018,36,2018_36
2018,37,2018_37
2018,38,2018_38
2018,39,2018_39
2018,40,2018_40
2018,41,2018_41
2018,42,2018_42
2018,43,2018_43
2018,44,2018_44
2018,45,2018_45
2018,46,2018_46
2018,47,2018_47
2018,48,2018_48
2018,49,2018_49
2018,50,2018_50
2018,51,2018_51
2018,52,2018_52
2019,1,2019_1
2019,2,2019_2
2019,3,2019_3
2019,4,2019_4
2019,5,2019_5
2019,6,2019_6
2019,7,2019_7
2019,8,2019_8
2019,9,2019_9
2019,10,2019_10
2019,11,2019_11
2019,12,2019_12
2019,13,2019_13
2019,14,2019_14
2019,15,2019_15
2019,16,2019_16
2019,17,2019_17
2019,18,2019_18
2019,19,2019_19
2019,20,2019_20
2019,21,2019_21
2019,22,2019_22
2019,23,2019_23
2019,24,2019_24
2019,25,2019_25
2019,26,2019_26
2019,27,2019_27
2019,28,2019_28
2019,29,2019_29
2019,30,2019_30
2019,31,2019_31
2019,32,2019_32
2019,33,2019_33
2019,34,2019_34
2019,35,2019_35
2019,36,2019_36
2019,37,2019_37
2019,38,2019_38
2019,39,2019_39
2019,40,2019_40
2019,41,2019_41
2019,42,2019_42
2019,43,2019_43
2019,44,2019_44
2019,45,2019_45
2019,46,2019_46
2019,47,2019_47
2019,48,2019_48
2019,49,2019_49
2019,50,2019_50
2019,51,2019_51
2019,52,2019_52
2020,1,2020_1
2020,2,2020_2
2020,3,2020_3
2020,4,2020_4
2020,5,2020_5
2020,6,2020_6
2020,7,2020_7
2020,8,2020_8
2020,9,2020_9
2020,10,2020_10
2020,11,2020_11
2020,12,2020_12
2020,13,2020_13
2020,14,2020_14
2020,15,2020_15
2020,16,2020_16
2020,17,2020_17
2020,18,2020_18
2020,19,2020_19
2020,20,2020_20
2020,21,2020_21
2020,22,2020_22
2020,23,2020_23
2020,24,2020_24
2020,25,2020_25
2020,26,2020_26
2020,27,2020_27
2020,28,2020_28
2020,29,2020_29
2020,30,2020_30
2020,31,2020_31
2020,32,2020_32
2020,33,2020_33
2020,34,2020_34
2020,35,2020_35
2020,36,2020_36
2020,37,2020_37
2020,38,2020_38
2020,39,2020_39
2020,40,2020_40
2020,41,2020_41
2020,42,2020_42
2020,43,2020_43
2020,44,2020_44
2020,45,2020_45
2020,46,2020_46
2020,47,2020_47
2020,48,2020_48
2020,49,2020_49
2020,50,2020_50
2020,51,2020_51
2020,52,2020_52
2020,53,2020_53
2021,1,2021_1
2021,2,2021_2
2021,3,2021_3
2021,4,2021_4
2021,5,2021_5
2021,6,2021_6
2021,7,2021_7
2021,8,2021_8
2021,9,2021_9
2021,10,2021_10
2021,11,2021_11
2021,12,2021_12
2021,13,2021_13
2021,14,2021_14
2021,15,2021_15
2021,16,2021_16
2021,17,2021_17
2021,18,2021_18
2021,19,2021_19
2021,20,2021_20
2021,21,2021_21
2021,22,2021_22
2021,23,2021_23
2021,24,2021_24
2021,25,2021_25
2021,26,2021_26
2021,27,2021_27
2021,28,2021_28
2021,29,2021_29
2021,30,2021_30
2021,31,2021_31
2021,32,2021_32
2021,33,2021_33
2021,34,2021_34
2021,35,2021_35
2021,36,2021_36
2021,37,2021_37
2021,38,2021_38
2021,39,2021_39
2021,40,2021_40
2021,41,2021_41
2021,42,2021_42
2021,43,2021_43
2021,44,2021_44
2021,45,2021_45
2021,46,2021_46
2021,47,2021_47
2021,48,2021_48
2021,49,2021_49
2021,50,2021_50
2021,51,2021_51
2021,52,2021_52
2022,1,2022_1
2022,2,2022_2
2022,3,2022_3
2022,4,2022_4
2022,5,2022_5
2022,6,2022_6
2022,7,2022_7
2022,8,2022_8
2022,9,2022_9
2022,10,2022_10
2022,11,2022_11
2022,12,2022_12
2022,13,2022_13
2022,14,2022_14
2022,15,2022_15
2022,16,2022_16
2022,17,2022_17
2022,18,2022_18
2022,19,2022_19
2022,20,2022_20
2022,21,2022_21
2022,22,2022_22
2022,23,2022_23
2022,24,2022_24
2022,25,2022_25
2022,26,2022_26
2022,27,2022_27
2022,28,2022_28
2022,29,2022_29
2022,30,2022_30
2022,31,2022_31
2022,32,2022_32
2022,33,2022_33
2022,34,2022_34
2022,35,2022_35
2022,36,2022_36
2022,37,2022_37
2022,38,2022_38
2022,39,2022_39
2022,40,2022_40
2022,41,2022_41
2022,42,2022_42
2022,43,2022_43
2022,44,2022_44
2022,45,2022_45
2022,46,2022_46
2022,47,2022_47
2022,48,2022_48
2022,49,2022_49
2022,50,2022_50
2022,51,2022_51
2022,52,2022_52
2023,1,2023_1
2023,2,2023_2
2023,3,2023_3
2023,4,2023_4
2023,5,2023_5
2023,6,2023_6
2023,7,2023_7
2023,8,2023_8
2023,9,2023_9
2023,10,2023_10
2023,11,2023_11
2023,12,2023_12
2023,13,2023_13
2023,14,2023_14
2023,15,2023_15
2023,16,2023_16
2023,17,2023_17
2023,18,2023_18
2023,19,2023_19
2023,20,2023_20
2023,21,2023_21
2023,22,2023_22
2023,23,2023_23
2023,24,2023_24
2023,25,2023_25
2023,26,2023_26
2023,27,2023_27
2023,28,2023_28
2023,29,2023_29
2023,30,2023_30
2023,31,2023_31
2023,32,2023_32
2023,33,2023_33
2023,34,2023_34
2023,35,2023_35
2023,36,2023_36
2023,37,2023_37
2023,38,2023_38
2023,39,2023_39
2023,40,2023_40
2023,41,2023_41
2023,42,2023_42
2023,43,2023_43
2023,44,2023_44
2023,45,2023_45
2023,46,2023_46
2023,47,2023_47
2023,48,2023_48
2023,49,2023_49
2023,50,2023_50
2023,51,2023_51
2023,52,2023_52
2024,1,2024_1
2024,2,2024_2
2024,3,2024_3
2024,4,2024_4
2024,5,2024_5
2024,6,2024_6
2024,7,2024_7
2024,8,2024_8
2024,9,2024_9
2024,10,2024_10
2024,11,2024_11
2024,12,2024_12
2024,13,2024_13
2024,14,2024_14
2024,15,2024_15
2024,16,2024_16
2024,17,2024_17
2024,18,2024_18
2024,19,2024_19
2024,20,2024_20
2024,21,2024_21
2024,22,2024_22
2024,23,2024_23
2024,24,2024_24
2024,25,2024_25
2024,26,2024_26
2024,27,2024_27
2024,28,2024_28
2024,29,2024_29
2024,30,2024_30
2024,31,2024_31
2024,32,2024_32
2024,33,2024_33
2024,34,2024_34
2024,35,2024_35
2024,36,2024_36
2024,37,2024_37
2024,38,2024_38
2024,39,2024_39
2024,40,2024_40
2024,41,2024_41
2024,42,2024_42
2024,43,2024_43
2024,44,2024_44
2024,45,2024_45
2024,46,2024_46
2024,47,2024_47
2024,48,2024_48
2024,49,2024_49
2024,50,2024_50
2024,51,2024_51
2024,52,2024_52
2025,1,2025_1
2025,2,2025_2
2025,3,2025_3
2025,4,2025_4
2025,5,2025_5
2025,6,2025_6
2025,7,2025_7
2025,8,2025_8
2025,9,2025_9
2025,10,2025_10
2025,11,2025_11
2025,12,2025_12
2025,13,2025_13
2025,14,2025_14
2025,15,2025_15
2025,16,2025_16
2025,17,2025_17
2025,18,2025_18
2025,19,2025_19
2025,20,2025_20
2025,21,2025_21
2025,22,2025_22
2025,23,2025_23
2025,24,2025_24
2025,25,2025_25
2025,26,2025_26
2025,27,2025_27
2025,28,2025_28
2025,29,2025_29
2025,30,2025_30
2025,31,2025_31
2025,32,2025_32
2025,33,2025_33
2025,34,2025_34
2025,35,2025_35
2025,36,2025_36
2025,37,2025_37
2025,38,2025_38
2025,39,2025_39
2025,40,2025_40
2025,41,2025_41
2025,42,2025_42
2025,43,2025_43
2025,44,2025_44
2025,45,2025_45
2025,46,2025_46
2025,47,2025_47
2025,48,2025_48
2025,49,2025_49
2025,50,2025_50
2025,51,2025_51
2025,52,2025_52
